{
  "ncf": {
    "precision": 0.054099999999999066,
    "recall": 0.541,
    "ndcg": 0.3303588092407094,
    "hit_rate": 0.541
  },
  "item_knn": {
    "precision": 0.003999999999999994,
    "recall": 0.04,
    "ndcg": 0.030608728331387943,
    "hit_rate": 0.04
  }
}